Emotion,ovr_f1_mean,ovr_f1_var,ovr_accuracy_mean,ovr_accuracy_var,rakel_f1_mean,rakel_f1_var,rakel_accuracy_mean,rakel_accuracy_var
Anger,0.0,0.0,0.0,0.0,0.0,0.0,0.0,0.0
Fear,0.30769230769230765,0.0,0.18181818181818185,0.0,0.11410256410256411,0.011485499306012127,0.06363636363636364,0.003764921946740129
Interest,0.0769230769230769,0.0,0.039999999999999994,0.0,0.047843800322061196,0.002929273624951705,0.0252266139657444,0.0008294307301307359
Joy,0.5,0.0,0.33333333333333337,0.0,0.3449417249417249,0.005047640954400863,0.21038461538461534,0.0026031464842006156
Love,0.5454545454545453,0.0,0.375,0.0,0.5955892585135354,0.0011784507244049839,0.42484459387853785,0.001193441650767412
None,0.4117647058823529,0.0,0.2592592592592592,0.0,0.5103334405296229,0.00225929889306577,0.3437816752415003,0.001745180088415624
Sadness,0.0,0.0,0.0,0.0,0.0,0.0,0.0,0.0
Surprise,0.21052631578947367,0.0,0.11764705882352941,0.0,0.16135350000203952,0.004317979818238402,0.08902300872502111,0.0015510208352735601
